"EA_code","t0_EA_code","c1aq01b","c1aq02b","c1aq03b","s1aq04b","s1aq05b","interview__key","s1aq06__1","s1aq06__2","s1aq06__3","s1aq06__4"
"00928229c3e64db9a66fd1f0d4dff345",,,,".",".",,"12-09-37-88",1,1,2,2
"03e3d013ed9a4a7b9e72a04e5867ed88",,,,".",".",,"13-26-94-05",1,2,1,2
"0548b11d746b41149960bad12ade2187","3211070717",321,"1","7","6","17","94-25-74-66",1,1,1,1
"06aeb38cf33a4c6b9ad71262908541eb",,,,".",".",,"34-90-92-66",1,1,1,1
"06c492654e8342fabe3ec8af1aad4cef","1074030303",107,"4","3","6","1074030603","66-47-37-97",1,1,2,1
"07d762b045a54167af44618c38f26e49","4032050503",403,"2","5","4","4032050403","39-29-24-84",1,1,1,2
"09583a0be3d943588eccede22daecd45",,,,".",".",,"74-65-87-03",1,2,1,2
"09bd271138b34050a20647bb26da164e","3072020202",307,"2","2","3","3072020302","96-05-61-85",1,1,1,1
"09e5567a67b24c56b7c7bb13800ead7e","1121040410",112,"1","4","2","10","02-82-25-55",1,1,1,1
"0b6fdf9b7d2b484ea36915e5f8b3940d","3081020206",308,"1","2","6","6","05-20-15-42",1,1,1,1
"0e2cb66e0eaa46feb1f41a241a8c4910","1101050507",110,"1","5","1","7","54-45-74-15",1,1,1,2
"0e53cc68fc734154a21bb2def6bbc5c6","2081070701",208,"1","7","13","1","98-06-19-96",1,1,1,1
"0e5fc948d76340ac9c27380a8837c56c","2162020206",216,"2","2","3","6","13-72-15-50",1,1,1,2
"120df4dbf75444178f10871b972869ac","1042080804",104,"2","8","4","4","24-08-96-20",1,1,2,2
"12810e18eb6c41d7ac10cbb28f40fdf3","3211050502",321,"1","5","5","2","76-22-41-77",1,1,1,1
"13a34d9690b54ab7b9eee7d1ddafbe9f","3023030305",302,"3","3","2","3022030205","97-89-02-98",1,1,1,1
"13f4006f120f4c3b800e7ccaedd4aee4","1133030301",113,"3","3","1","1133030101","75-98-78-48",2,1,1,2
"150cdba4fed14b4a87d582d398577942","1231080801",123,"1","8","3","1231080301","98-86-51-07",1,1,1,1
"155c5c1261c04747be7944ce3daa6ac2","2231212105",223,"1","21","1","2231210105","16-77-56-74",1,1,1,2
"15cebd17f95047b3b242caab688fc2a0","1221060618",122,"1","6","2","1221060218","70-23-73-82",,,,
"15e14a2aedca4f1dad88f6a30e6d8a2c","4241050502",424,"1","5","2","4241050202","48-96-08-15",1,1,1,2
"166579dc0f4d4f19bdc2c8e6c2e31a0f","4033010102",403,"3","1","3","2","13-39-91-73",1,2,2,2
"168d74660fc04a2792cb437eedcec5e1","1051050501",105,"1","5","2","1051050201","61-27-08-63",1,1,1,2
"16c6c976a02c414f8e01d02dddc97a5d","2322030305",232,"2","3","4","2322030405","05-10-89-43",1,1,1,1
"1816825774944a8fa45dde05fc0e79dc","4201080809",420,"1","8","3","4201080309","77-05-32-40",1,2,2,2
"191a256cbcac47a2966d2f058153bc70","4122030305",412,"2","3","4","5","34-03-95-15",1,1,1,1
"195e5a9b4fcb4d7dbe18eaf543a9283b","1021010102",102,"1","1","4","02","41-72-74-44",1,2,2,2
"1a257e54482e4ecf8b6aedc7cc89f8fd","1121020202",112,"1","2","3","1121020302","01-51-54-41",1,1,1,2
"1dce5f2d227147f4a9f8e27ad9423f5d","3231040401",323,"1","4","3","3231040301","32-45-14-74",1,1,1,1
"2000d66f97714765bc8e85e671ad8283","4151101004",415,"1","10","4","4151100404","48-93-82-89",1,1,1,2
"20188c3dd7af4786a15806bc3d9cc605","4151050504",415,"1","5","2","4151050204","36-96-62-29",1,1,1,2
"20eb974e8c9b4361a62ccde0ce8611ad","4192040405",419,"2","4","2","5","02-80-79-45",1,1,1,1
"218cb290a69743c69e521b6122a6d507","3231070704",323,"1","7","1","3231070104","20-02-77-43",1,1,1,1
"21e9da8b1950402aa3169598c2efeb4e","4062010103",406,"2","1","2","3","25-50-00-53",2,1,1,2
"228bcac6d0b147dbaebbc943965f78c1","2241050511",224,"1","5","5","11","90-21-50-09",1,1,1,1
"237d3bd58d47443f984a1146cfb17596","3111030302",311,"1","3","2","3111030202","76-53-22-95",1,1,1,1
"2625ab72d0ca4e74bcc7a51eefc3c049","3062010101",306,"2","1","1","3061030101","71-53-71-15",1,1,1,2
"29d53afc2900441fa7931d2da4f6ab7e","4062101006",406,"2","10","6","06","01-86-81-64",1,1,1,2
"29fdcdf88e2e444f9fbb7d235214e8e1","4051040405",405,"1","4","2","4051040205","55-22-88-49",1,2,1,1
"2b9fe8ab9b854dc1a78be4554e2db70f","2261050510",226,"1","5","5","10","10-91-96-82",1,1,1,1
"2be916b9e8004a559894ec6c28948826","2221111101",222,"1","11","2","2221060201","54-21-11-77",,,,
"2c005b61e9d3469bb8b37576d7c0a9dc","1181010110",118,"1","1","4","1181010410","37-99-38-49",1,1,1,1
"2c09ec554d4e489bb9d6e97baaebfa65","4122010104",412,"2","1","7","4","18-49-15-19",1,1,1,1
"2c1eac5793354569a5f6598d4cc1c4d9","3092040406",309,"2","4","6","6","91-50-78-15",1,1,1,1
"2c79b64a9c5544fabbddb2b71590e49f","3171020201",317,"1","2","2","3171020201","33-98-51-91",1,1,1,1
"2caf4db31e1947578d134f4b52b91d8f","2181151501",218,"1","15","4","2181150401","02-42-11-75",1,1,1,1
"2ce29c6cfe0a456793b78a9eea712769","1151030304",115,"1","3","2","4","67-79-02-00",1,1,1,1
"2d0189f201a24a6eb390e7644e7127ac","3192030304",319,"2","3","3","3192030304","44-82-68-29",1,1,2,2
"2dd8b36de95c4d5bba92df1210413388","2231212102",223,"1","21","3","2231210302","42-91-93-12",1,1,1,1
"2e97754263a84e12b95022950c69f673","11710.0.",117,"1",".",".",,"43-35-34-23",1,1,2,1
"2f452dce46214291b99d8f76038d10c9","2251030306",225,"1","3","4","2251030406","49-53-35-89",1,1,1,2
"2f82e41b4d9140b1a887dffbd36193b8",,,,".",".",,"88-51-03-21",1,2,2,2
"2fc7c42417e64ebcaea375ffa538326d","4103030301",410,"3","3","6","4103030601","65-91-23-57",1,1,1,2
"3048ed3a5a8a4ff69391cbfedd13657c","1061060602",106,"1","6","6","1061060602","68-00-06-79",1,1,1,1
"305b636544344f65aabef33609978907","3251030302",325,"1","3","6","2","37-68-69-42",1,1,1,1
"30a233559a484aa884a3c795efb64cdf","1021050505",102,"1","5","13","05","83-68-83-41",1,1,2,1
"30fabcc38b1c4f909a0de8b415a2988e","3091030301",309,"1","3","5","3091030501","72-50-29-68",1,1,1,1
"31b1bf8fbcc54ee09f83e940546a45b8","2261010102",226,"1","1","1","2","87-78-01-68",1,1,2,2
"332221c6e42c4c7693f07f18bf883c77","3062040406",306,"2","4","2","3061020306","91-29-19-18",1,1,1,1
"36a60129e57347bea99b101f51c2d0a0","3131020205",313,"1","2","5","5","31-50-07-11",1,1,1,1
"37a0243153154356a3fae9c57c688f46","1102040407",110,"2","4","1","1102040107","66-53-93-59",1,1,1,1
"3a2df233c4d3470b83d0d3e0851df33d","1021030304",102,"1","3","9","04","07-01-51-11",1,2,2,2
"3b39a3793b9e42deb8bea71311058e8a","3181141407",318,"1","14","2","7","56-67-32-81",1,1,1,1
"3bd4a06cc7b5416d864333ff348bb354","2082020201",208,"2","2","8","2082020801","92-67-60-32",1,1,1,1
"3c03c72ff5bb4e43bb462f77bc401895","3301070703",330,"1","7","3","3301070303","08-02-90-92",1,1,1,1
"3c068ff6dd2648088c08a9fcdcb812f2","1102070703",110,"2","7","4","1102070403","26-54-44-39",1,1,1,1
"3c7b52089dbc43ecb5f3c5e354f1ec09","3034050511",303,"4","5","7","3034050711","61-93-15-21",1,1,1,1
"3d3ecc270b3743a1ac5b07ac5161ae2f",,,,".",".",,"36-93-22-14",1,1,2,2
"3dfec81ca5704294b2259b4da35ba66f","1073020205",107,"3","2","3","5","00-56-65-43",1,1,1,1
"3e4cfe4688a44d3ba5524f2574dbed04","2051060603",205,"1","6","2","2051060203","24-54-97-79",1,1,1,1
"3e8f9d823ced4b679756834480de1eb1","4022080805",402,"2","8","5","4022080505","18-15-18-97",1,1,1,1
"3f1a8214f7a14ede97f67c4a18cd0f07","1225050503",122,"5","5","2","3","78-89-98-52",1,2,1,2
"406d4f0d71384978ab447f7dd9057f40","2261040403",226,"1","4","4","03","42-02-64-77",1,1,1,2
"40d1c6c197a14e6eadf31dfcc95a200b","4032010105",403,"2","1","2","4032010205","03-52-46-70",1,1,1,1
"421f6dc9b1b74d31bff813bbbec0946c","1083010105",108,"3","1","5","5","86-08-76-83",2,1,1,2
"48a67d1f18994ef98a5949aef015bbd4","2141131303",214,"1","13","1","3","88-74-11-89",1,1,1,1
"48bea11db2944c909fda02151c5118af","2191030304",219,"1","3","12","04","67-26-59-19",1,1,1,1
"4904caa625114480b7dfb1ac1090ea9d","3042040401",304,"2","4","2","3042040201","75-39-75-81",1,1,1,1
"49ac26b03a504025bc11014fb9fd07f0","1031070701",103,"1","7","2","01","65-53-81-18",1,1,1,2
"4a1d00f074cc4b00918c46c988ddbe64",,,,".",".",,"45-42-36-18",1,1,1,1
"4ba54fb88a534722877835b1045a512d","4042070709",404,"2","7","4","9","85-31-22-31",1,1,1,1
"4cdaf79caf624178b5eadc9be94a36aa","3141030304",314,"1","3","4","3141030404","35-28-58-28",1,1,1,1
"4cf59369cdf24583a27873140b200861","1122040401",112,"2","4","3","1122040301","74-16-21-77",1,2,2,1
"4d5ac1450c634c6ca704f0e8848cc443","1012040404",101,"2","4","2","1012040204","91-91-63-66",1,2,2,2
"4dd6d629e3ae4f8d89147cbaf0a79f8f","2231282802",223,"1","28","1","2","00-95-07-36",1,1,1,1
"4ecbd2e7063b4921af2e0b7e0a8db0ce","3271030305",327,"1","3","3","5","98-74-07-23",1,1,1,1
"4ece7adab00c4cf2bef7f7a13841c000","2071040404",207,"1","4","1","04","85-33-44-23",1,1,1,1
"4fead528c43a425c8ead7ad9e02285fe","2221111101",222,"1","11","2","2221060201","36-09-12-99",1,1,1,1
"50915c4977d44997a241f9e364f0a753",,,,".",".",,"83-55-75-67",1,2,1,1
"511e248a967448a89f871d73acff14a4","4151141403",415,"1","14","7","4151140703","80-32-55-46",1,1,1,1
"53fd71c2301f43f8873de4f1f0eace0c","3032010105",303,"2","1","2","3032010205","71-61-98-83",1,1,1,1
"54405a9ba99d4e618e87548191c47c14","4041020202",404,"1","2","3","4041020302","32-71-89-73",1,1,1,2
"54c10aa0c5a84733aa4d36847a5906e3","3071080801",307,"1","8","3","1","72-32-17-28",1,1,1,1
"56ad9167bff0445f93a7fbaced2e3152","1102060609",110,"2","6","3","1102060309","02-73-44-22",1,1,1,2
"56c850451863421290489c656c6356a1","4044030303",404,"4","3","3","4044030303","03-45-89-44",1,1,1,2
"56d5e1c386f34ef68f31280d6a7d8f46","1173010111",117,"3","1","4","1171050411","41-24-08-74",1,1,1,2
"5781bbe35d9c4d5fa1246f3d26a59a0b","3211030305",321,"1","3","4","5","77-44-13-92",1,1,1,1
"588cfcfc790240e98d9ca22db6683fd8","1241010103",124,"1","1","6","1241010603","81-59-88-07",1,1,1,2
"5b1bfa5bef2c4d529bd9d6297a3e11ec","2261020208",226,"1","2","5","2261020508","20-39-84-46",1,1,1,1
"5d98309983cf4e319ba077b1e10020fc","3221111112",322,"1","11","4","3221110412","22-55-33-62",1,1,1,1
"5df1b3d3aa7d4cb3b184c8ab9edf7506","3151050502",315,"1","5","3","2","52-64-64-81",1,1,1,1
"5ec0701dd9f54f1bbe921ca9175a60d9","1112020218",111,"2","2","6","18","56-80-19-40",1,1,2,2
"5f9ac4ea0e654d08b3cd6ed453de3ff1","1021040402",102,"1","4","1","02","07-07-36-19",1,1,1,1
"5fe1acda95ad4556b6a0983a641d479a","4182020204",418,"2","2","1","4182020104","84-67-15-95",1,1,1,1
"5feb56a602554863982002d7dffa96e9","3291060606",329,"1","6","2","3291060206","94-06-39-74",1,1,1,1
"606dfeb842fa4339b5772cb092c00c26","3103060608",310,"3","6","4","8","01-46-09-86",1,1,1,1
"61187e593ce849f6b0b6f20972734150","2211090905",221,"1","9","5","5","67-70-56-85",1,1,1,2
"627c07fe24fc470f9300d75233c4b4ee","2123111101",212,"3","11","1","2123110101","58-19-91-16",1,1,2,2
"62c15549e2894eee9032940da84f6170","331BIBI010104",331,"BIBI","1","4","4","56-99-39-47",1,1,1,1
"639bf406ae23488b9674d26d841618fb","2111070708",211,"1","7","3","08","95-66-18-46",1,1,1,1
"64a7c25789dc44988120f839b628656f",,,,".",".",,"31-52-69-96",1,1,1,1
"6504c17bdaa94ba5b08d852aa03e266d","2111050505",211,"1","5","3","05","18-43-14-59",1,1,1,2
"67a9e20200064275ab4495b3b07aca86","2301040403",230,"1","4","1","2301040103","16-93-07-51",1,1,1,1
"68f903f5bf9145f88554337640a5e431","3301101002",330,"1","10","1","3301100102","92-26-77-38",1,1,1,1
"6927081db9f440ca849fbd55ac30e9bd",,,,".",".",,"34-91-15-19",1,1,1,1
"6a0f936dcc7846d187bcff0b122213e5","1134060601",113,"4","6","6","1134060601","65-66-38-86",1,1,1,1
"6a3556900ab44aeb9fe37891164e8f6a","2051070702",205,"1","7","3","2051070302","22-09-94-20",1,1,1,1
"6a981e6f28e34024b3877b143c78a411",,,,".",".",,"08-74-10-74",1,1,1,1
"6ab741446b254f54b494a75bc6c31575","3171070712",317,"1","7","5","3171070512","00-16-89-29",1,1,1,1
"6d88e79cdca94f44955a26a280ceaae8","4022070707",402,"2","7","5","4022070507","18-73-98-72",1,1,1,1
"6f717245375d48cbaee0ccc130704124","4181040401",418,"1","4","3","1","61-26-83-13",1,1,1,1
"6fdd02cc5fad4b6aaaa699355b50a2c5","1241040402",124,"1","4","1","1241040102","64-64-66-34",1,1,1,2
"70b5acb304f142b291fc6b209f67a5b3","2141020206",214,"1","2","2","2141020206","94-18-00-85",1,1,1,1
"71230c66d335494aa424d7f85a36da60","3211060605",321,"1","6","1","5","40-73-51-73",1,1,1,1
"7377cd30ca6540eabb25b4a9a3de369d","1021040402",102,"1","4","10","02","33-62-41-35",1,2,2,2
"741a8331efc04b6b845110d8a212aec0","4081131305",408,"1","13","4","5","23-95-21-09",1,1,1,1
"7557b1aecd28455e9909c6d2a923a832","2043010103",204,"3","1","3","3","88-41-92-59",1,1,1,1
"7663bb1198824f56a0370fa6f07e858a","2151151502",215,"1","15","2","2151150202","30-46-55-37",1,1,1,2
"76864e14ab0a4c98a1cf17d54efe6acf","2231202004",223,"1","20","2","2231200204","29-03-49-45",1,2,1,2
"7746d7555f5844d3aa4e1b1db205baaa","4053020204",405,"3","2","3","4053020304","94-83-94-74",2,1,2,2
"77d8e0bb2a8d40818176e4ca7fa67bed",,,,".",".",,"86-28-58-60",1,1,1,1
"7858f0477c71435583949704dfdc8273","4171020202",417,"1","2","1","2","45-08-45-12",1,1,1,2
"78bcb53eff2c4728a87f26ee0d5a7295","4102010106",410,"2","1","1","4102010106","47-71-40-92",1,1,1,1
"7ae3d3fc9a4344ba8bb7d8670ba0a214","1191030304",119,"1","3","3","1191030304","30-29-17-25",1,1,1,2
"7cbae8c05a404cca98e447173d257eb4","1021030303",102,"1","3","8","3","88-94-99-21",1,1,1,1
"7cbedb93a4d54e71a77f6282ce45b604","4092030309",409,"2","3","5","9","52-89-16-75",1,1,1,2
"7ce87defa03b47d28ca7a85807a835eb","4114020204",411,"4","2","2","4","19-39-69-85",1,1,1,1
"7d81ff7c7b1f45f682a2f778de1129d3",,,,".",".",,"65-64-33-71",1,1,1,1
"7dfe77c10a6d423da8b1fe1af366ff1a","1131131304",113,"1","13","2","4","97-27-45-82",1,1,1,1
"7e25926b2a7440e69f203158d6092c89",,,,".",".","KIRYOKYA","55-30-97-28",1,1,1,1
"811f0969148848799fdeb81412c961b7","4053010109",405,"3","1","4","4053010409","75-75-86-64",1,1,2,2
"819574132d744fb58ef76356982dab3e","4281111105",428,"1","11","3","4071030305","97-06-48-22",1,1,2,2
"819dc7fb58f3487c92ce386410f0e484","2251141426",225,"1","14","3","26","72-95-56-08",1,1,1,1
"8240331915e74700903cd16936938273","1021030304",102,"1","3","5","04","87-78-16-27",1,2,2,2
"82a63311f1c84741bfd4b8e903e89fa4",,,,".",".",,"16-96-21-37",1,1,1,1
"8513e8bd23c14fd198c0e28c57e978fb","3301070701",330,"1","7","1","3301070101","95-91-78-39",1,1,1,1
"856d1989c4994c0bb213bd69b1cc4e28","4171090902",417,"1","9","4","4171140402","07-11-57-90",1,1,1,1
"85d0e9e0a4f1496aaf118e34270048e6","1072020201",107,"2","2","6","1072020601","47-45-18-73",1,1,2,1
"86105861a94a405a9af8478fdf715f04","1136040402",113,"6","4","1","1136040102","80-98-40-63",,,,
"87888fff4c0c45d49f76bf7f930652a3","1021030344",102,"1","3","12","44","88-86-92-84",1,1,2,2
"8873c7ea649641a9aa484ff5a2071ce5","2121040406",212,"1","4","3","2121040306","68-41-72-67",1,1,1,1
"8a25746d91fd4a71903d25321bf21f4b",,,,".",".","4121030705","32-79-51-40",1,1,1,1
"8a796de4a4744d1896966983749b62ce","4201070703",420,"1","7","4","3","35-92-49-53",2,1,1,2
"8cce422c32fb487db7f64fc57ab28ea3","1102030301",110,"2","3","6","1102030601","33-86-34-01",1,2,1,2
"8d6c882303774a69b457c672b327bb4b",,,,".",".",,"13-27-67-54",1,1,1,2
"8e0674510f124c79adff16fa72a15dbf","2211090903",221,"1","9","2","3","59-49-37-12",1,1,1,2
"8e2224a0b6494414a93947f05e8d132e","4081010106",408,"1","1","1","4081120206","19-59-74-37",1,2,2,2
"8ef78b7b0f7147e0ac63d91538fa815c","3034040402",303,"4","4","1","2","63-03-43-30",1,1,1,1
"8f4c7489123f4036974cc7f574debbac","3231060609",323,"1","6","4","3231060409","60-97-61-88",1,1,1,1
"8f4e78e6dc8746289651442eb40f7d6d","1221060618",122,"1","6","2","1221060218","43-33-76-18",1,1,1,1
"8f6eac2d77894b3f8ba983cdb145dfa6","1021050532",102,"1","5","10","32","22-52-74-75",1,1,1,1
"8fc56ed20a424d2fac2361dd0f33e3ea","2151202008",215,"1","20","2","2151200208","04-35-73-80",1,1,1,2
"8fc986ddd794404797432dfcdde4cbd3","1103060602",110,"3","6","1","1103060102","85-17-19-95",,,,
"91a39a9bf8bb4ad68964d8dc19ba3253","1152050505",115,"2","5","4","1152050405","20-43-32-61",1,1,1,2
"92bc05e40dff4e818160d4bc3bd31eee","3131040412",313,"1","4","3","12","35-98-52-71",1,1,1,1
"93f32e4649e8452181fa4f17e75cbf30","2041020205",204,"1","2","4","2041020405","22-63-38-40",1,1,1,1
"96087df97f6b4e1c8a0ec6aab97ffc23","3052020202",305,"2","2","1","2","18-33-14-59",1,1,2,1
"9693819c6c25424e8079d7bd5a399e59","4272020202",427,"2","2","4","4072020402","92-06-84-13",1,1,1,2
"97ae00424b064a76ab02f3474665cca3","2043010102",204,"3","1","2","2","93-57-84-53",1,1,1,1
"97eeb4f2eae84dfc85e15d277e751cfb","3171010102",317,"1","1","1","2","00-36-74-14",1,1,1,1
"989ebf98f43b4297beef92b24367e4c8","4151060612",415,"1","6","8","12","30-99-66-58",1,2,1,1
"9a2a6af2f9924430b9a0cc47327b661f","1021030312",102,"1","3","4","1021030412","09-71-54-71",1,2,2,2
"9c9917e6e1554969a1d66ac128e8d541","1171040404",117,"1","4","5","1171040504","22-11-58-99",1,1,2,1
"9cb352e8b3464891a8e56c9682e6e772","2231262615",223,"1","26","1","2231260115","06-94-60-69",1,1,1,2
"9da07074406c46e68f1ad5e7813e373b","3021010115",302,"1","1","2","15","12-56-84-63",1,1,1,1
"9eec20fc44d14b1485a5b54407494313","1061060602",106,"1","6","6","1061060602","30-88-55-94",,,,
"a0b8bff5458e45b08b17f5b96f939cfb","4081020204",408,"1","2","1","4","55-27-58-19",1,1,1,1
"a28038d2ed0047b28fc0ac652e00429b","4102010107",410,"2","1","1","4102010107","20-49-68-89",1,1,1,2
"a2b201c029f84e18ae079b30d287184d","4114030308",411,"4","3","3","8","41-07-98-38",1,1,1,2
"a33b5f5221a14a80bfed99a205524fe7","3201080801",320,"1","8","8","3201080801","48-26-89-12",1,1,1,1
"a3968f62607b402a85a551fab137e191","4281060619",428,"1","6","4","4071060419","07-23-18-10",1,2,2,2
"a3e0e5b0bb6045dbb836bcae2ae555c5","4121030305",412,"1","3","7","4121030705","26-48-88-55",1,1,1,1
"a3e421e5c8924b2ebd4c84e7ab0538a4","3221111112",322,"1","11","4","3221110412","98-67-40-59",1,1,1,1
"a633fb014edd4a55953902a674518e63","1021010102",102,"1","1","8","1021010802","82-74-17-32",1,2,2,2
"a63fa436b8c141679c0885b968ae1d73","2123050504",212,"3","5","2","2123050204","83-94-15-57",1,1,1,1
"a835522691ae4b52a5e2902750d571d5","3042040405",304,"2","4","1","5","85-90-80-90",1,1,1,1
"a8fe82d0ebbd444d98af07dc137b4e07","2121050507",212,"1","5","4","2121050407","82-09-93-64",1,1,1,2
"a9b4f7035d6e4a3b9f8176902c619b5b","1112020203",111,"2","2","4","3","80-49-13-36",1,1,1,2
"ab0749b99f874a8a9ad0e218c7070e41","4231101006",423,"1","10","1","6","23-06-00-01",1,2,2,2
"ab0e78b5778048bf9a70403cd622a4ff","3034040404",303,"4","4","3","4","77-78-65-13",1,1,1,1
"ab459ff868574eccbf2972ff990e7bf9","3201020206",320,"1","2","4","3201020406","22-22-00-56",1,1,1,1
"ab713365c71c4bb89d206b8093278f1c","3035030311",303,"5","3","4","3035030411","72-50-87-06",1,1,1,1
"ac28a7c8f3e745efb2801d1e3304e9a3",,,,".",".",,"13-11-99-45",1,1,1,1
"aca7e45fe9774f0781f5651e408038e6","3181030304",318,"1","3","2","4","74-93-61-60",1,1,1,2
"ae56e2c944ce4a368290a335d0d2a43b","3032020206",303,"2","2","6","3032020606","24-59-00-53",1,1,1,1
"ae7bb6fd7ff54143ae6ee473fdcc7afc","1121020202",112,"1","2","3","1121020302","76-04-95-30",1,1,1,2
"aed4071826f04462a59bfabca5d2ca06","1074020202",107,"4","2","3","1074020302","35-51-00-88",1,1,2,1
"af8d7a4a02504bb7821e271ac62d45fd","1081060609",108,"1","6","3","1081060309","24-46-40-79",1,1,1,2
"afa09473cbcc44dfbe78de562eaa298f","3062010101",306,"2","1","1","3061030101","25-20-92-54",1,1,1,1
"b01c536bdb1a45b898dab000df0f3267","1133010104",113,"3","1","5","1133010504","13-55-77-20",1,2,2,2
"b0f9243778a344a8a72fc524a6863f9a","1021030306",102,"1","3","6","6","80-63-59-73",1,1,1,2
"b1884aea03a844029e86334683703b09","2081020202",208,"1","2","14","2","47-97-04-43",1,1,1,1
"b1abb00b1ee043ffa3c18766a7d63142",,,,".",".",,"53-55-20-69",1,1,1,1
"b20b2988cc4140df81890d31bb284697","1083010101",108,"3","1","1","1","80-00-26-34",1,1,1,2
"b21b3ee4c5394287abdaa88134b11078","11520.0.01",115,"2",".",".","1","72-13-08-02",1,1,1,2
"b289994ae63440efbf4bd086457f67c8","1073050502",107,"3","5","7","2","36-87-56-87",1,1,1,1
"b32dc85cbfb145db9b0787c8bdf3b7d0","3071080802",307,"1","8","6","2","89-20-72-11",1,1,1,1
"b389c239719a4796854b290e12631dbb","3181070701",318,"1","7","5","1","81-20-77-29",1,1,1,1
"b6c40689d08f41cfbcd481e1deb14577","1111020205",111,"1","2","1","1111020105","81-61-50-13",1,1,1,2
"b8dcc618f4c342b3aee3d0ff6ce21e8f",,,,".",".",,"71-01-18-75",1,1,2,1
"b92650e55fb14845840d3f164fba1491","2301090905",230,"1","9","5","2301090505","54-78-39-35",1,1,1,1
"b959c6a261f04e80967f5261a5095c64","1151040404",115,"1","4","3","4","37-30-82-94",1,2,1,2
"baa361cd94c74ceb900b4fe3cabbdbba","2191030302",219,"1","3","17","2191031702","42-83-16-09",1,1,1,1
"bc01a17fd5d245e2a35d78b99bb04187","4182090902",418,"2","9","7","4182090702","59-24-40-04",1,2,1,2
"bc2bf51e178c42e1bc7de3ade20338d5","1061010102",106,"1","1","9","2","37-77-55-14",1,1,2,2
"be03e0b731204737a2e4f7e0d2030d21","4052111110",405,"2","11","1","4052110310","28-28-90-63",1,1,1,1
"bea4b4b78acc42a6a591220eff1ca34e","3022010108",302,"2","1","5","3022010508","14-85-95-70",1,1,1,1
"bedf52b414be4498a687aa04f00db6bf","1021020205",102,"1","2","8","5","91-10-01-18",1,1,1,2
"bfaec23e25e948f2b4be3e00fb79e2ba","1021030309",102,"1","3","1","1021030109","90-46-30-94",1,1,2,2
"c05e5755364f4c9eb48addd0418e8f5d","4112030302",411,"2","3","2","4112030202","88-67-72-87",1,1,1,1
"c0cdc564be864ac698cba75135459a5e","1121020202",112,"1","2","3","1121020302","21-18-44-50",1,1,1,2
"c1185221c2d343bb88b3ec950686798c","3022040405",302,"2","4","5","5","05-72-66-37",1,1,1,1
"c1b998e93a934a8cb45545fc66b93d36","2321010106",232,"1","1","4","6","96-93-21-70",1,1,1,1
"c1befc6653a84ef68640bc9923760c39",,,,".",".",,"09-41-83-25",1,1,1,1
"c1dbf4334e904dc1b6b93391efe6de15","1161020201",116,"1","2","5","1161020501","08-27-94-74",1,1,1,1
"c417d5092fa04356addbe1ab9f6c471d","3251070703",325,"1","7","1","3","96-05-76-94",1,1,1,1
"c441996b11764b4a9b89ffa9e072e594","3251030301",325,"1","3","6","1","33-46-89-47",1,1,1,1
"c5a736b38a4843b68ddf780785c9403e","3221080806",322,"1","8","2","6","86-65-40-94",1,1,1,1
"c63d7a3af8c74ccca231ecfa5dffb50b","4151151507",415,"1","15","4","4151150407","40-59-35-84",1,1,1,2
"cb6f1ca5c1d84fe4be8e6d65f1ecb6ee","2012030303",201,"2","3","1","2011030103","41-29-42-22",1,1,1,1
"cc21c380258748b09434448dd3cd19d6","4031050502",403,"1","5","5","2","20-19-89-31",1,1,1,2
"cc5224ac26434558b1870292cd790c14","4171030307",417,"1","3","1","4171050107","16-74-30-99",1,1,1,2
"cc67d6bf9be34858953f0195bb61efdc","3035040405",303,"5","4","2","3035040205","53-89-11-68",1,1,1,1
"cd53be65dbb54ae58e54c8e2e8876a98","3103060609",310,"3","6","3","9","66-28-67-92",1,1,1,1
"cda502a2bc2f4dcb81105822378261d2","2291040410",229,"1","4","2","10","93-24-80-62",1,1,1,1
"cdda605e7bf84e2998e7dc1b3f9fc012","4221020201",422,"1","2","4","4221020401","18-69-48-95",1,2,2,2
"ce09e57177af41adadea55b1118f29be","2231080806",223,"1","8","5","2231080506","41-30-97-75",1,1,1,1
"cecbc69db6044c88b541853782f11ff2","3034020208",303,"4","2","4","3034020408","59-65-12-85",1,1,1,1
"cff36b0b20f648be8341cd074068c657","1131131302",113,"1","13","5","1131130502","80-81-10-28",1,1,2,2
"d0cdf3d489a641c0a3e23bb1fb1adcfc","2281020204",228,"1","2","3","2281020304","65-23-15-88",1,1,1,2
"d132b4d495064853b88b9de098d24ae1","2122020201",212,"2","2","1","2122020101","31-65-28-65",1,1,1,2
"d27f68aecc4d4350baef7ba84d39d9f0","1131050531",113,"1","5","5","31","59-18-11-47",1,1,2,1
"d2ad4ad31dbd4666bec8eaec059c3d08","3091020202",309,"1","2","5","2","59-37-58-86",1,1,1,1
"d2d172cc1ef541e48cba1c6ed47f1841","3101020203",310,"1","2","2","3101020203","52-68-30-65",1,1,1,1
"d3f59ad872434ad1b2bec94ed6e6e947","4063030306",406,"3","3","7","4063030706","68-46-02-26",1,1,2,2
"d451154d23f041d0915801f7838e703d","1021020204",102,"1","2","5","1021020504","66-91-74-76",1,1,2,1
"d4eb3a77cedc42abb1e1bb99a214a7e8","3121050502",312,"1","5","2","2","13-38-51-04",1,1,1,1
"d50819d660b042d7b279465864368a55","4062121202",406,"2","12","1","2","49-85-88-60",1,1,1,2
"d59bcc343d9e47379e45203869d1f64f","2151090908",215,"1","9","2","8","77-50-49-21",1,1,1,2
"d5dab880982d42b9899469131ffc2054","4091010101",409,"1","1","4","1","35-31-24-31",1,1,2,1
"d72ffb6509f04269a54566ef5106a498","4172010109",417,"2","1","1","4171010109","16-89-92-55",1,1,1,1
"d852fc9843fe45ffb9544b916d5f2cfc","3041020201",304,"1","2","1","1","24-03-14-28",1,1,1,1
"d8c64e61dafa401b94c8afc0cfb15fef","1103050506",110,"3","5","1","1103050106","09-82-39-37",1,1,1,2
"d91d6fec7fec4232a968ff6c765ab1eb","3112020202",311,"2","2","1","02","54-82-15-45",1,1,1,1
"d935539999f64771a119eb32574c160e","2092010105",209,"2","1","1","2092010105","46-49-96-63",1,1,1,2
"d93b73d98836425fafd96b0bc9407548","4221070708",422,"1","7","1","4221070108","92-40-07-74",1,1,1,2
"d961227555964a0bb362122c6b66dca2","1153030307",115,"3","3","5","1153030507","88-32-58-62",,,,
"da0d63139da84fa088cb8a3f8893374e","4101010107",410,"1","1","4","7","46-97-38-14",1,1,1,1
"daafca5294924c609725305aa9da92d2","3022050502",302,"2","5","5","3022050502","81-72-86-31",1,1,1,1
"dacd91af18154d51894a52d02a3cb2b1","1041040408",104,"1","4","3","8","39-31-02-27",1,1,1,1
"dc3741ca4a3c451291a3c0370adfd965","4171070704",417,"1","7","3","4171100404","14-56-46-86",1,2,2,2
"dd72172834734d53967b7f13d9946d3e","4141161601",414,"1","16","1","1","30-44-92-98",1,1,1,1
"de0d420b95f949409ddd6e6ef359572f","3102020201",310,"2","2","3","3102070601","92-54-66-94",1,1,2,1
"df9e133eb2f54a81911f454050262cc9","2041010102",204,"1","1","3","2","15-27-59-11",1,1,1,1
"dfd66efc10c04db4bc7a7710205fba47",,,,".",".",,"41-87-65-27",1,1,2,2
"e0d553e3abb24993844f0de7e20c86db","2181030313",218,"1","3","2","2181030213","51-59-01-53",1,1,2,2
"e1d242437c104649bf3a034bad2925c9","2102050501",210,"2","5","4","2102050401","92-04-38-87",1,1,1,2
"e2087f2693664d9097024fd484730d71","2012060605",201,"2","6","2","2011060205","66-82-27-82",1,1,1,1
"e314846cc6e745f2b46ca45107218154","3032040402",303,"2","4","5","2","48-37-16-81",1,1,2,1
"e359063a9c1842feace88741f2b4863c","1041020205",104,"1","2","4","5","08-49-55-81",1,1,1,1
"e57503779f904b9a89276f70cdc6d98b",,,,".",".",,"24-81-35-44",1,1,1,1
"e7fa94896c414ae5a4e11d7b299951b1","1241080811",124,"1","8","2","11","04-12-51-46",1,1,1,1
"e83ef3501b9148fc8d8660761d61f6b1","1172020202",117,"2","2","8","1172020802","16-34-77-09",1,1,2,1
"e8807528500d494886e1493f22b6d612","1021050505",102,"1","5","4","1021050405","35-16-36-79",1,2,2,2
"ea112b0ba08542bfb07f10c636ff82a0","4281060619",428,"1","6","4","4071060419","88-64-25-80",1,2,2,2
"eb9b8edf03314bb39c1982b462c88cd3","1221020204",122,"1","2","6","4","46-50-03-97",1,1,1,1
"eba103dd973241ecb07baee474e8f9d9","1041050503",104,"1","5","4","3","34-64-32-00",1,2,2,2
"ec1c482374644eb983a647909e350403","4113040403",411,"3","4","2","3","96-79-66-75",1,1,1,1
"ec3f5f7d84244a55ab42dff82b6846d9",,,,".",".",,"49-96-25-37",1,1,1,2
"ec558b4ca32e46a7943986f7ad4a9588","1171060602",117,"1","6","5","2","96-60-14-26",1,1,1,2
"ee1ae37bb5574ebb8cfcaa312e7e1f0b","3062040403",306,"2","4","1","3061060103","51-48-45-42",1,1,1,1
"ef140c8eb6aa466fa41b317628e0cbf8","3022010108",302,"2","1","5","3022010508","34-89-24-08",1,1,1,1
"ef37261b68c446679bec7e072b4d916e","3191070702",319,"1","7","2","3191070202","51-89-46-48",1,1,2,1
"f03953e0053e44408d6efa237ee3063f","1103060602",110,"3","6","1","2","15-63-97-83",1,1,1,1
"f107a301616c4ff69b6fa7bfa877faab","4093010104",409,"3","1","3","4","04-82-98-03",2,1,2,2
"f14f6099b4984c1d8b984fb22f251032","3231080804",323,"1","8","2","3231080204","27-44-94-20",1,1,1,1
"f1dca8894a0b46eab802b52b2ecc70c0","1122030304",112,"2","3","1","4","65-42-84-81",1,1,1,1
"f33d7de27c14495a89301cb34c6e6dfb","1153030307",115,"3","3","5","1153030507","63-52-54-38",1,1,1,2
"f4836ae1155c495c9363570573d1f81a","1031050505",103,"1","5","5","5","38-55-59-69",1,1,2,2
"f4c5c89950bb4141ab4d895c0b25bb20","4111030305",411,"1","3","1","5","48-32-44-07",1,1,1,1
"f568ccaeb7434baf8b85c82b6999a9e1","2141010103",214,"1","1","4","3","33-49-10-28",1,1,1,1
"f5e7dce2332d41b28c3cd37fceac50cf","1061010106",106,"1","1","1","1061010106","05-41-62-25",1,1,1,1
"f709ca33e5624c40bbebb5bbff93d32f","3191050503",319,"1","5","8","3","92-58-44-91",1,1,1,1
"f81dc4ec9efb45e0ac04ce96bd3fac02","2231212104",223,"1","21","1","2231210104","08-27-83-30",1,1,1,1
"f875111d04594103a21af312cda6e741","4262020201",426,"2","2","4","4261040201","36-13-76-78",1,1,1,1
"f941ce88ba9a48e99842d995455d47bd","3251010105",325,"1","1","2","5","66-72-06-13",1,1,1,1
"f94bd031b7014493ba1c0295e5614dca","2141141405",214,"1","14","3","2141130305","38-34-59-31",1,1,1,1
"f980545af05e454a9a37280d7272716d",,0,,".",".",,"88-18-91-21",1,1,1,2
"f9db50b4f83b436ab20692f8d1d0e345","4113020204",411,"3","2","2","4113020204","42-81-20-45",1,1,1,1
"fb5c0b7c4fa64ce8b41a2d746086f7a1","1021020203",102,"1","2","1","3","60-32-27-19",1,1,1,2
"fd09bf6c0d16410f9135f36ef5e6993b","1241070706",124,"1","7","1","1241070106","87-17-71-30",1,2,1,2
"fd39653b0c2d49a2b86bf992b96cf4d0",,117,"3. NJERU MUNICIPALITY","2","6","5","86-59-69-87",1,2,1,2
"fe70d97f97424e029d2757d98e8d9723","1221050503",122,"1","5","2","1221050203","64-34-31-60",,,,
"fecc0f5ccad940ceb621e46eb9f59f77","21110606",211,"1","6","7",,"83-86-63-56",1,1,1,1
"fffa2187e3d447b085ed6aedd03b38da","4061080801",406,"1","8","4","1","17-59-88-03",2,1,1,1
